Time,Number of players,Total bets,Multiplier
3.61,10798,932905.61,16.85
2.64,11639,953343.42,1.21
8.3,11060,826483.97,1.33
20.36,10918,734269.01,2.37
1.45,10086,637344.5,5.29
2.71,8470,598078.23,7.92
2.81,10322,802474.9,1.07
1.16,10341,199349.73,9.25
1.26,9172,724473.63,8.5
3.01,9161,793801.79,2.5
1.15,11763,1006871.04,1.29
2.48,10357,804396.79,3.62
1.75,11247,959371.77,1.07
1.79,10834,969581.56,23.38
11.41,10684,972626.75,1.15
1.53,11456,907484.58,1.22
1.42,10424,854484.8,3.62
2.42,10013,829120.41,1.15
1.42,11494,994333.05,1.33
1.97,10459,932990.25,5.42
1.69,11051,1044601.09,1.15
8.15,10543,919949.33,1.89
1.52,11049,799854.73,1.96
1.39,9976,806746.56,1.9
1.2,9549,780218.91,29.02
1.53,9148,710222.93,5.29
3.09,9751,800349.25,2.19
1.27,10770,868411.13,1.52
2.42,9529,771971.65,1.96
3.15,10200,854088.94,5.42
2.21,10195,785235.99,1.81
5.03,9866,738979.11,1.28
1.97,10265,724919.91,2.7
26.7,9657,666229.06,3.01
2.97,10352,698371.54,2.5
12.48,9741,662145.98,1.02
2.13,10131,634244.04,1.17
1.17,9821,730528.42,3.62
1.59,8373,636571.92,1.02
15.36,9478,727097.85,7.92
4.04,11081,778029.1,1.52
4.95,10786,750859.95,1.6
2.89,10920,708228.2,8.51
1.01,10500,754704.42,16.85
25.63,9374,615208.52,1.96
1.1,10500,814144.75,1
9.78,10375,731407.2,1.52
25.98,11382,804885.99,24.11
1.01,10500,879591.16,1.23
6,11243,884355.46,16.85
2.33,11938,879303.85,2.19
1.57,12327,940213,1.02
1.53,11560,861460.22,1.52
1.47,11716,944183.08,1.11
6.36,11470,923328.46,5.21
1.05,10500,960119.79,6.1
5.32,12099,918258.2,1.15
1.53,12438,865218.61,19.47
1.72,12181,927264.33,2.5
2.53,12431,1012791.06,5.21
1.28,13074,1031427.82,6.1
1.03,10500,876557.46,6.68
1.88,11603,953621.05,3.62
14.38,11758,988720.95,3.87
3.14,12187,874738.41,3.01
1.99,11771,814889.87,24.11
1.72,11256,819992.8,19.47
27.67,10667,728792.71,5.21
2.35,12085,834254.96,5.42
2.32,11029,751555.57,1.02
1.21,11694,882527.06,2.19
1.88,10609,811317.41,1.11
1.86,12207,989131.52,3.01
3.02,12415,1022573.17,16.85
1.9,13179,1014745.63,5.42
1.08,10500,935176.64,1.23
1.08,10500,866202.99,2.76
1.31,10700,864230.01,1.21
3.35,10332,889001.29,1.15
18.38,11978,946342.94,23.38
1.52,11631,799268.09,19.47
4.68,10511,711762.47,1.96
1.29,11525,817827.79,5.21
2.94,10624,808719.08,2.7
1.06,10500,849295.74,1.38
1.38,11043,816107.1,1.04
2.34,10601,858811.97,1.89
1,10500,976351.33,1.49
3.45,11200,1028787.36,1.28
8.7,11575,897927.56,2.17
29.64,11317,721989.45,6.1
1.44,10941,741217.2,9.25
3.56,9294,708454.69,1.89
6,10923,694833.55,1.23
2.48,11253,711407.68,24.11
5.15,9884,722993.06,1.72
6.32,12403,824374.14,1.72
1.28,11714,777495.25,1.22
10.38,10518,694073.89,1.23
2.04,12327,767995.78,1.23
1.04,10500,803970.69,1.17
1.44,11413,823410.16,1.21
5.3,11470,853443.56,23.38
1.82,13017,966836.5,3.87
1.69,12555,962923.41,1.22
1.35,12613,1007950.17,1.23
2.73,12157,1018468.77,1.49
1.88,13618,1162874.92,1.9
2.2,12732,1022796.05,1.04
1.27,12670,1072783.49,1.9
12.57,11488,905220.49,16.85
11.03,12332,786428.85,1.5
1.27,11881,853408.65,1.81
1.61,10250,808455.93,16.85
1.47,11139,927985.91,6.1
22.23,10754,799901.05,1.17
5.41,11522,795885.3,1.28
2.4,10982,755655.03,19.47
1.3,10644,756287.8,1.49
5.74,9671,701196.06,2.19
4.26,12496,846130.67,3.87
1.55,12139,812810.27,1.33
6.67,11403,760058.51,1.23
1.11,10500,929746.61,5.21
1.27,12088,828156.62,6.1
33.7,11938,798198.23,1.17
2.15,13258,918576.55,1.81
2.47,11819,844084.62,8.5
1.1,10500,943087.9,5.42
2.52,11887,870244.52,2.5
2.16,13237,1026736.65,1.11
7.33,13453,978242.19,3.87
1.28,13270,891417.64,3.87
8.39,12371,799581.06,3.62
1.37,13440,920153.48,29.02
3.41,12970,936478.36,1.21
1.33,13702,1004799.16,1.33
5.84,13553,977723.74,1.89
1.09,10500,900311.67,1.02
1.7,13004,846117.31,24.11
5.94,13714,1025905.76,16.85
4.81,13433,877548.11,1.49
11.76,13235,800234.61,1.72
1.47,13017,851069.32,2.76
2.35,11616,786042.29,3.87
1.05,10500,1013592.64,1.96
1.92,12899,939400.47,9.25
2.04,14173,1240206.55,29.02
6.48,14230,1146378.02,5.29
2.08,14176,977107.3,2.17
3.03,13521,971340.87,2.19
1.97,14370,1053837.97,3.01
9.44,13839,1005675.35,8.51
2.72,13973,941987.61,2.7
1.45,13398,884201.13,1.5
3.24,12794,847750.49,5.42
1.66,14273,1031548.43,3.87
1.73,14007,1092869.36,3.62
2.3,13861,1082254.59,9.25
3.33,14827,1152784.97,1.89
1.08,10500,1085242.9,1.02
1.56,13394,941202.02,2.17
3.85,13624,1156531.97,1.21
5.39,14124,1012628.49,5.21
1.8,14107,952650.6,5.29
1.01,10500,894772.41,1.02
1.07,10500,1011095.81,1.9
12.87,12163,947091.34,1
1.68,14141,1030480.96,3.87
1.21,13052,975410.74,1.49
1.1,10500,969270.36,16.85
8.87,12032,962304.46,8.5
2.25,13476,1034605.34,16.85
1.7,12508,982245.11,1.52
1.46,12301,1016455.49,1.9
6.99,12439,1017873.69,1.07
1.2,13763,1072898.85,3.01
28.32,11736,804540.52,24.11
1.06,10500,932400.53,1.49
1.1,10500,948608.23,1.29
1.92,11421,964198.05,1.23
2.7,13546,1191911.31,23.38
1.11,10500,1134431.69,1.96
7.75,12616,948794.77,23.38
4.17,12927,955685.81,2.76
1.12,10500,968927.79,1.49
1.42,11042,811850.84,1.52
6.24,12403,929822.37,2.7
4.9,13173,918457.8,1.04
3.06,12301,873706.59,1.89
1,10500,870600.17,1.02
3.81,12071,928441.94,1.6
1.15,13187,922731.09,1
12.57,11942,817752.71,5.42
6.83,13309,882289.56,1.22
13.08,12426,743591.44,1.04
1.58,12957,835223.54,1.28
1.18,10952,837126.15,1.04
1.21,11288,879132.83,1.04
1.02,10500,900355.66,2.17
4,12654,940791.83,1.21
13.66,14490,1046234.03,1.81
7.26,14137,925142.58,2.17
1.34,13184,901849.65,1.96
4.91,11037,747708.55,9.25
6.96,14378,987809.12,7.92
3.26,13935,982535.43,1.15
3.39,12844,959322.3,1.38
4.88,13840,1001313.17,1.81
2.85,14490,1074992.78,1.04
1.72,13426,1021983.14,6.68
1.27,12829,998316.46,16.85
1.03,10500,896849.5,23.38
1.37,13175,1091508.89,2.76
22.92,13561,1075948.17,1.02
1.16,15515,1146138.88,1.33
24.19,13910,955982.76,1.52
1.16,14180,1024625.63,1.5
1.16,13581,1038788.86,1.02
1.81,13152,1105998.68,6.68
5.71,15028,1353547.87,23.38
1.15,15519,1161468.55,3.87
21.48,14067,990066.25,16.85
6.23,14197,933406.44,1.96
12.08,14037,921453.18,7.92
1.56,13807,927023.47,2.7
3.96,11942,831837.05,1.02
1.59,15062,1169925.54,16.85
24.01,14223,1054559.97,1.15
2.03,15136,1079223.03,5.29
3.63,14310,1017013.27,5.42
1.23,15534,1216046.37,1.17
1.26,14594,1108596.14,2.5
2.51,14331,1232028.37,9.25
4.24,19426,1751867.02,1.33
6.03,16179,1391741.47,9.25
8.41,16323,1215078.87,7.92
1.84,15733,284276.96,8.5
2.64,14667,1171759.36,5.21
1.72,15953,1375205.26,3.62
22.34,15322,1250789.8,2.5
3.3,15786,1158419.65,3.87
2.86,15190,1110560.85,8.5
1.14,14875,1172100.53,3.87
7.84,13901,1035671.95,1.11
5.27,16726,1162997.72,2.37
2.43,16067,1157060.65,6.1
1.5,15071,1139432.76,29.02
6.35,14841,1026348.39,5.29
1.14,0,1246411.09,1.49
4.26,15911,1238000.66,1.6
1.52,16796,1373569.43,8.51
7.65,16776,1402830.88,19.47
1.1,10500,1259586.27,1.96
1.65,16301,1208604.87,8.51
7.33,17146,1410838.34,1.04
1.57,17102,1315708.42,1.81
1.83,17144,1394795.19,24.11
1.43,17510,1548345.69,1.5
4.46,16787,1468675.85,1.23
1.02,10500,1450478.99,1.72
1.58,16894,1404305.7,5.21
1.66,16615,1502881.84,1.02
1.73,17086,1591578.43,1.33
1.24,16430,1562065.46,1.28
1.39,14988,1481254.49,1.33
1.9,14559,1393046.47,6.68
3.04,15275,1608689.09,1.89
10.23,15768,1296582.91,3.87
1.22,15644,1097115.77,19.47
1.11,10500,1070163.55,8.51
1.18,13563,1196879.93,2.19
1.05,10500,1146640.61,8.51
4.48,12565,1066666.8,19.47
1.65,14894,1250237.38,2.76
1.64,14199,1212768.27,2.76
1.62,13549,1157637.69,2.17
1.05,10500,1230219.14,1
1.98,12827,1155008.88,2.17
1.23,13521,1329376.21,1.23
1.85,11724,1143432.18,1.11
3.3,11683,1241235,1.38
1.4,13212,1168883.33,2.5
27.28,11054,839475.31,1.28
14.23,12508,797185,1.17
1.88,12429,881761.73,1.38
2.66,10920,824464.44,16.85
2.41,12698,812021.06,1.81
1.04,10500,996675.22,1.52
1.59,11509,958208.79,1.96
1.39,12214,1035089.5,1.04
5.97,11744,921713.55,2.17
5.74,13618,917107.2,1.22
1.65,13647,901169.51,8.51
1.84,12146,821219.61,5.42
1.12,10500,1013425.86,1.49
2.81,12523,945713.66,1.22
1.77,14356,1077593.64,2.7
3.17,13300,1099063.31,3.87
1.41,13259,933624.47,1.72
1.27,12204,910942.25,5.21
1.45,11472,918982.91,1.21
1.02,10500,1012409.16,1.17
1.34,11172,719475.18,7.92
1.03,10500,965820.49,9.25
21.84,9783,853877.14,1.15
5.39,12391,898884.71,2.7
6.73,11202,743980.69,2.17
1.45,11805,800505.36,3.87
1.42,9659,715568.24,2.5
1.33,9836,754322.84,1
3.44,10238,795508.34,1.38
2.18,13078,965945.23,1.96
7.03,12506,908178.41,1.52
6.77,12751,850629.51,1.07
1.07,10500,823049.16,1.04
16.99,10271,605104.94,1.81
1.48,13606,904946.72,5.21
2.68,12059,878356.4,2.37
1.9,13359,1013550.69,1.29
1.17,13458,1029974.79,2.7
3.78,12421,956763.97,9.25
2.3,14324,1033714.67,1.07
1.31,13582,1054562.75,8.51
1,10500,1004749.74,2.37
12.03,13869,1118039.71,9.25
1.11,10500,1009166.27,2.5
1.83,12976,975364.05,5.42
7.66,13655,1066503.14,6.68
1.24,14093,1006188.71,1.5
1.69,12815,901279.85,16.85
1.5,13665,1099452.13,16.85
1.67,13545,1163668.68,1.04
1.23,13384,1189411.78,1.17
2.02,12451,1161173.74,3.87
1.2,0,1198819.63,2.37
1,10500,982964.6,1.52
1.35,12118,1153022.16,2.5
1.63,10598,1061241.86,1.96
1,10500,1031381.12,1.81
3.1,10183,971528.81,24.11
8.35,10602,861223.24,24.11
1.28,10926,816470.26,1.96
6.03,9771,693265.36,16.85
5.13,10808,724216.63,9.25
20.78,10860,717062.81,2.17
1.71,11304,752279.55,8.51
1.32,9867,738700.53,2.19
1.6,9516,747509.66,1.29
23.54,10602,755206.18,1.38
2.13,12226,866445.91,6.1
1.28,11409,829064.34,2.19
4.29,9997,716457.92,1.22
1.46,12791,906779.74,1.52
1.53,12091,898728.45,1.28
3.69,11907,866244.55,2.76
2.56,13105,906336.78,2.76
1.57,12766,959895.95,1.22
1.79,11818,909414.94,1.5
1.18,12438,995227.63,1.21
1.07,10500,924684.47,1.33
4.76,10886,857718.47,23.38
1.14,13008,987089.95,2.5
2.65,11181,916667.77,1.49
1.74,12027,991934.11,5.21
1.55,11638,956674.39,3.87
1.49,10842,867186.61,5.42
3.08,10210,836097.28,16.85
1.19,11734,954879.27,3.01
1.64,10014,837621.74,1.29
2.02,9811,849464.49,6.68
2.22,10573,990944.07,2.76
5.72,10429,943771.75,6.1
2.34,10916,849167.06,1.81
2.09,10295,777538.5,3.87
14,10504,705188.25,6.1
1.32,11164,745626.27,2.76
3.19,9697,703101.29,1.23
7.16,11095,783350.04,5.21
1.45,11357,730552.24,2.7
3.34,10720,771965.55,1.6
3.98,12126,872945.73,1.22
3.04,12078,873705.01,1.23
2.62,11950,855903.68,1.52
1.17,11877,769591.61,23.38
1.17,10759,689319.68,1.28
1.86,10600,769314.51,2.7
1.78,12445,1000525.61,2.17
1.03,10500,920530.56,19.47
9.6,11508,789297.38,2.19
1.35,12372,851015.16,29.02
6.19,11862,867445.21,3.01
15.79,12549,817951.61,24.11
1.39,12176,770185.1,1.07
4.49,11222,758582.96,1.38
5.21,13207,876960.61,1.29
1.89,12585,880006.95,1.96
1.25,12421,852940.99,1.17
1.22,12097,831196.45,1.81
4.86,12063,891714.87,1.02
2.23,14701,1049505.7,29.02
1.22,12932,901511.35,1.28
2.08,12170,859273.64,2.5
9.89,13804,1054343.44,6.68
1.8,13663,966332.39,1.96
1.7,12304,870795.62,2.37
1.08,10500,930640.62,3.01
1.5,12506,997290.92,3.01
1.09,10500,1078913.41,1.72
1.06,10500,1064207.06,5.42
2.69,11163,948649.95,3.87
2.34,13244,1086481.02,1.96
1.61,12949,1069259.69,7.92
2.01,11570,887364.74,6.1
2.18,11966,987202.92,2.76
2.5,11848,1004959.77,24.11
8.48,11904,870621.51,1.15
1.32,12319,853085.48,8.51
6.39,10761,694691.67,1.07
4.63,12140,814433.56,8.5
4.53,12275,777529.29,1.23
1.29,12636,783520.49,1.28
9.89,10910,651240.96,2.5
1.31,12821,849869.56,1.07
1.32,12246,791741.19,1
1.19,11956,899817.8,2.7
1.44,11318,899148.59,1.9
6.3,11388,815536.19,1.11
1.72,13482,1017523.92,3.87
1.52,12695,978971.72,6.68
4.87,12024,848337.19,1.02
7.78,13492,863569.18,1.11
2.03,13223,841975.4,3.01
10.94,12176,773485.46,1.38
1,10500,817073.36,19.47
1.2,12362,872102.56,1.6
4.87,11570,835262.2,1.9
7.06,14200,946415.14,8.51
8.89,13826,856864.59,1.38
1.56,12751,805870.54,9.25
8.15,11223,732378.67,2.37
5.04,13216,785382.63,1.49
1.15,13498,916154.86,1.5
3.09,11790,787019.89,1.96
9.22,14645,989690.34,5.42
1.4,14231,959061.82,1.49
1.18,13205,911248.07,5.42
1.05,10500,971632.8,1.72
1.48,12968,971289.81,1.04
3.04,13688,1137482,1.28
2.77,15406,1152529.54,2.5
1.38,15263,1170947.5,1.49
1.29,13504,1118362.66,8.51
2.03,12795,1079413.94,1.15
2.24,14718,1334140.85,1.17
4.51,14556,1171482.58,3.87
2.99,14713,1069237.78,24.11
1,10500,1048850.91,5.21
1.31,13525,995559.28,1.07
1.14,12465,956884.87,1.23
1.15,12026,957331.34,2.37
26.15,11124,852982.36,1.5
1.83,13825,1001547.59,1.96
1.68,12790,972319.35,3.62
3.87,12350,912608.59,23.38
1.26,13963,1035168.11,5.21
1.08,10500,850338.77,2.17
1.06,10500,932863.89,2.37
1.22,11107,896868.67,1.17
1.32,10762,962387.49,1
1.21,10693,940739.87,2.7
2.32,9883,925199.36,1.22
3.14,12182,1179360.61,1.28
1.16,12097,1048274.63,1.28
1.04,10500,880901.94,3.01
2.41,9052,881547.91,1.21
1.98,11019,1138219.23,1.81
1.46,10252,1011036.7,1.21
1.05,10500,815553.19,1.21
1.03,10500,848843.38,1
1.03,10500,818591.17,1.81
1.73,6941,781577.57,2.37
3.02,8105,866334.78,19.47
16.31,9362,774617.45,8.51
1.27,9813,750324.81,1.72
6.76,8335,615219.38,3.87
2.42,9946,808645.94,1.5
2.58,9717,804901.35,2.7
21,10340,693458.74,3.01
2.54,10326,757104.45,3.87
1.19,9943,742100.91,1.38
2.01,8428,651532.93,1.04
1.02,10500,836854.56,1.02
2.54,9700,792283.63,2.37
1.41,11454,957934.7,1.5
9.22,10150,770324.96,1.9
1.95,11403,885612.47,1.81
9.43,10883,763047.02,5.29
1.38,11131,794249.38,6.68
1.09,10500,769357.57,1.9
1.03,10500,808693.92,1.33
1.11,10500,769338.29,6.68
4.42,9324,772988.36,8.51
2.73,12179,970399.3,2.5
3.18,11588,874267.5,1.49
6.63,11741,841651.94,1.9
1.34,11720,834737.55,23.38
19.18,9685,636936.77,5.21
1.5,11677,746753.71,1.52
1.04,10500,792581.73,2.76
1.72,9742,756895.29,1.38
5.27,11553,955079.2,1.33
1.28,12803,992986.81,19.47
21.72,11491,792823.07,5.21
3.48,11375,726796.14,24.11
26.67,11314,734059.79,23.38
16.73,11604,679423.75,2.5
1.51,12352,839171.41,23.38
3.17,9676,718667.01,8.5
2.42,12580,967258.28,2.5
10.4,12643,858661.21,3.87
2.55,13467,877516.27,1.17
1.26,13108,984538.97,1.17
2.36,11445,870028.15,2.37
4.57,14103,1009512.33,1.6
2.87,14553,1063737.11,29.02
3.74,14126,988702.98,3.01
2.02,14645,1075896.58,8.5
12.02,13726,946866.03,2.5
2.56,14852,1047709.34,2.76
1.02,10500,1013981.04,1.29
3.28,12442,902521.75,2.37
1.91,15145,1100456.16,3.01
1.88,14837,1137019.93,5.42
2.64,14657,1213888.87,5.29
4.13,15599,1235269.4,5.21
1.61,15516,1168607.22,1.9
2.19,14169,876940.06,1.9
2.62,15500,1226143.08,1.17
1,10500,1179806.51,1.21
1.13,14417,1237904.24,1.89
2.38,12560,1082205.96,1.07
5.74,14774,1277679.69,5.21
9.26,15188,1036944.72,7.92
1,10500,958952.99,3.01
2.54,13537,1001406.34,3.62
1.5,14947,1156123.1,29.02
1.39,13853,1169574.31,1.02
1.16,13464,1218059.6,1.23
2.74,12378,1113521.42,1.02
1.36,14930,1333985.29,1.96
1.68,13195,1173741.62,1.28
4.21,12991,1116058.32,1.04
12.38,14415,1131888.28,19.47
1.2,13725,984586.14,23.38
2.53,11724,845468.63,1.21
1.33,13951,1124679.93,1.6
1.29,12894,1092786.51,1.33
1.13,12135,1041203.12,1.28
1.1,10500,1041344.14,19.47
2.9,11066,1012400.08,1.5
1.66,13949,1293726.52,3.87
1.09,10500,1111894.97,6.1
2.04,10762,969450.71,1.96
7.68,11958,1092031.25,2.17
1.08,10500,1010198.91,29.02
1.59,10911,955912.86,2.5
1.54,10954,1080342.36,1.29
28.86,10991,958101.27,1.81
8.58,12230,898568.38,19.47
2.57,11690,825249.52,16.85
33.27,10490,752136.83,19.47
2.39,12183,874629.86,1.96
1.55,11399,873650.31,1.96
1.47,10169,777406.81,5.21
10.11,10552,814558.56,2.5
21.84,13653,870117.21,2.5
5.12,13232,924141.62,1.11
21.59,12692,783406.81,1.04
1.49,14277,969574.86,5.42
1.22,10978,844453.02,6.68
3.87,10260,742702.37,3.01
1.07,10500,1081558.39,1.22
3.09,13211,939131.65,6.68
2.76,14840,1035136.96,1.9
1.56,14955,1061395.04,6.68
8.56,13671,942300.31,5.29
1.09,10500,1061469.66,3.87
1.69,14180,936073.32,2.5
20.07,14519,1017133.34,5.42
22.09,15488,926488.11,5.29
2.97,14824,983841.68,6.1
3.63,13212,850846.28,1.72
7.2,14918,992789.99,1.28
1.25,15453,1028616.06,2.76
1.18,12588,836770.07,1.52
1.24,12280,850345.23,1.15
1.01,10500,925190.97,1.22
1.05,10500,1045858.23,29.02
3.28,12905,1024559.7,1.81
2.13,15900,1182724.77,1.29
1.09,10500,1175077.91,1.52
1.71,13571,1101100.29,2.19
1.34,14169,1153300.89,3.87
6.61,12706,1030896.93,2.76
6.7,15390,1116632.7,1.81
1.25,15268,1054498.03,1.72
2.34,12640,910144.11,1.52
1.22,14683,1091509.41,1.22
2.99,13096,968858.62,7.92
2,15296,1111421.61,1.23
3.48,14472,1060887.08,7.92
1.16,15300,1047941.16,6.1
3.49,13213,865444.86,1.49
1.87,14481,1048805.54,1.04
1.24,14017,1007681.16,1.52
1.13,12618,991369.67,16.85
3.23,11713,921376.65,1.04
2.88,14359,1108849.66,3.01
1.94,13823,942494.81,1.72
1.73,12732,896853.51,1.28
1.24,12627,922213.09,24.11
8.34,11592,887136.55,1.02
3.84,14313,937760.76,3.62
1.48,13260,902412.27,9.25
1.54,11618,802802.58,8.51
11.36,11691,796362.48,2.5
1.31,14513,956699.66,1.89
4.68,12201,930308.51,29.02
3.22,13758,918634.36,3.01
9.62,13595,894477.91,1.04
1.28,13929,913868.51,8.5
1.23,11862,800212.24,6.1
2.55,11925,827660.04,1.15
1.33,14021,1097981.74,2.5
3.6,13103,961245.17,29.02
1.21,15099,1230714.2,8.5
10.34,13315,966036.7,5.29
1.54,14581,991809.33,1.5
1.84,13501,957764.45,1.81
1.04,10500,1050232.19,6.68
2.8,12947,961316.84,1.38
1.03,10500,1179394.65,3.87
1.41,13126,1035857.14,1.6
1.58,12309,1007388.05,1.02
2.48,12717,1084481.08,2.5
1.48,13174,1071959.87,1.38
3.33,11805,972117.69,8.51
3.94,12788,997878.85,1.81
11.79,12687,853509.11,1.28
2,12709,821438.75,1.96
1.43,11816,835289.1,23.38
20.65,10808,695942.19,2.5
1.42,13155,842906.16,29.02
20.87,11470,733286.53,1.49
1.86,12699,847681.77,1.15
1.4,12458,851912.4,1.07
16.52,11833,782325.26,1.9
1.34,13551,918983.68,23.38
28,12303,805541.85,2.7
1.71,13359,896977.83,24.11
1.98,13164,948278.26,24.11
3.24,14137,1072306.71,1.29
1.24,14703,1049734.32,1.04
1.21,13984,1056133.7,1.15
3.8,13217,897148.87,5.29
2.58,15100,1222563.75,1.5
26.09,14339,955823.27,1.29
9.25,14017,947764.04,2.19
3.71,13775,880096.91,8.5
1.05,10500,929792.74,2.5
4.14,11285,743543.62,1.29
2.4,15126,1059576.46,5.42
28.16,14653,920785.09,23.38
1.19,15552,998935.51,2.19
4.69,13237,862973.77,1.81
1.33,15782,1029500.53,1.5
1.04,10500,1088540.52,24.11
15.55,14378,1009763.89,2.76
2.1,16010,1079120,2.19
1.19,15040,568737.61,6.1
1.38,14333,1057838.86,1.9
1.3,14950,1163174.58,2.7
1.05,10500,1140298.43,1
1.15,14296,1194183.55,1.33
3.44,13227,1030900.65,1.96
1.82,15838,1344778.35,1.49
1.1,10500,1226479.51,2.5
1.7,13198,1009427.62,1.52
1.32,13426,1095918.33,6.1
1.63,12172,967048,1.11
4.14,12046,977835.99,23.38
9.61,13594,914020.99,1.28
1.13,13790,890590.18,1.21
12.89,11762,663307.83,7.92
1.01,10500,824354.78,5.21
1,10500,780418.95,7.92
1.16,12575,1001063.52,23.38
6.74,11784,842945.18,1.04
22.19,14097,935352.89,2.17
1.19,13062,917927.07,1.5
16.85,11343,755587.58,1.28
1.86,12996,858396.28,1.28
4.87,12786,852633.33,9.25
2.01,14056,894226.2,2.19
1.28,14069,914836.22,8.5
1.75,12716,853967.78,3.62
3.29,14119,1004130.82,1.9
1.01,10500,1055888.75,2.37
1.37,13767,992897.96,1.11
3.89,13798,1073658.58,16.85
1.16,0,1095389.91,1.89
2.16,13659,1011872.2,3.87
1.97,14261,1188184.58,1.15
4.96,14265,1206620.86,1.28
1.67,14396,1033083.52,2.7
2.25,13801,1007078.1,8.51
1.64,14079,1155997.73,2.19
1.01,10500,1079933.92,6.68
3.38,12851,1019953.16,5.29
15.74,13530,977961.78,1.38
3.18,13230,855050.43,1.17
1.16,12676,899872.68,1.72
7.7,11371,795913.13,3.01
1.87,13539,983474.32,2.7
1.58,13016,965833.87,1.33
2.15,12678,931640.44,8.5
1.04,10500,1129359.59,24.11
4.55,13117,943906.79,1.96
1.26,14387,995689.2,1.07
7.06,12934,922516.94,3.01
1.27,13178,975410.73,3.01
13.07,12658,853179.85,1.21
1.12,10500,885994.6,1.6
1.41,12265,875566.04,29.02
1.17,12667,1016425.47,7.92
2.13,12462,916042.73,1.22
3.42,13885,1148129.9,1.9
1.3,13569,973955.78,2.5
1.13,12628,965445.04,1.22
1.2,11857,924192.61,1.22
4.41,11367,941486.7,2.76
1,10500,1041298.37,2.7
1.44,12152,1066773.37,1.11
15.9,11515,898013.95,2.5
6.27,11946,854684,3.62
1.39,11511,783707.21,29.02
5.88,10026,639964.09,1.52
6.65,11962,805152.2,8.5
1.92,12025,777734.97,24.11
1.65,11190,813766.93,1.23
7.91,11432,793788.02,8.51
1.16,13035,849186.14,5.42
3.4,11557,766343.12,2.17
5.2,13217,876515.79,1.04
1.23,13088,849226.29,1.07
1.3,11911,815823.48,2.19
5.81,12213,770915.86,1.23
2.56,13538,953584.84,8.5
1.38,12947,923984.65,3.87
1.28,12364,904607.19,1.52
1.86,12643,907604.37,3.62
1.99,14050,1149432.5,1.38
1.06,10500,1270304.54,3.62
1.17,12859,1193121.25,1.21
1.04,10500,956015.08,1.15
2.18,11097,1023754.1,8.51
1.04,10500,1200479.37,1.21
1.11,10500,916519.12,1.11
6.88,8915,806199.94,6.68
4.32,10920,864626,16.85
5.19,10858,837145.47,16.85
1.36,10738,715669.86,9.25
1,10500,741259.61,1.23
1.62,10190,836383.82,5.21
1.59,10343,896906.74,2.7
3.83,10340,907752.37,2.76
8.64,11785,804131.68,1.49
1.21,11309,817267.14,5.29
1.44,9611,766289.02,16.85
1.25,9979,796267.33,5.21
2.14,10031,856645.81,2.7
2.04,11750,1059082.94,1.9
7.3,11333,897350.48,1.81
2.28,11667,833317.49,9.25
22.41,10796,693695.11,1.89
1.33,11427,817866.82,1.96
1.05,10500,819894.69,1.29
3.45,9401,767102.22,1.49
1.49,12180,1009096.4,2.37
2.5,11282,947795.04,1.02
1.35,11801,981191.66,1.96
1.25,11289,1003596.65,1.21
1.42,10476,941835.1,5.21
2.9,10573,939598.19,2.19
2.57,11880,1026746.15,2.37
1.1,10500,958300.74,1.89
1.18,9576,807759.79,1.9
2.41,9171,790774.38,3.62
1.63,10921,988699.58,5.42
1.19,10024,903952.53,1.21
1.23,8821,906058.55,23.38
1,10500,882244.08,2.19
3.84,8915,960455.27,1.29
2.04,9848,962839.64,2.7
1.28,9228,854764.99,1.22
3.59,7792,703975.44,1.96
1.67,9365,895049.43,5.42
28.19,8653,722848.08,5.29
3.58,9541,739472.07,1.72
2.17,9053,785457.63,29.02
1.3,8582,649737.3,7.92
2.13,7793,666399.13,1.29
1.16,9668,873491.32,2.19
5.47,8769,756605.94,6.1
20.12,10397,746268.68,1.11
7.6,9793,677649.92,6.68
2.19,9977,820318.38,1.23
6.14,8541,580935.38,1.29
2.93,10231,693274.46,2.76
1.52,10489,843707.99,19.47
3.6,9309,722550.63,1.9
1.1,10500,894117.09,1.07
2.7,10116,886979.96,6.68
2.87,11656,941729.63,1.11
1.08,10500,973088.71,8.51
3.91,10814,864173.68,1.5
1.13,12034,915559.21,1.02
3.02,11243,852459.38,6.68
1.86,11610,927087.09,1.11
1.51,11511,1020701.31,1.6
1.16,10877,987750.92,3.87
1.33,10217,933309.84,1.21
3.56,9843,921276.95,3.87
2.56,11544,238268.77,1.15
1.3,11098,914090.24,1.72
6.32,9735,819521.69,6.68
3.93,11247,831923.3,2.76
20.88,10830,645158.22,2.5
3.54,10960,756341.59,3.87
1.2,10214,729782.42,2.37
7.42,8729,576164.29,1.17
1.58,11385,774122.31,1.38
3.52,10645,797416.41,1
1.93,11363,808197.54,29.02
1.41,11607,829819.76,29.02
1.41,10333,792279.99,1.49
4.02,10841,873410.3,3.87
3.42,12600,995211.96,2.37
2,12142,934872,1.38
5.48,11270,837786.74,1.17
1.03,10500,840829.11,2.37
1.6,10927,823359.58,2.19
4.96,11287,842821.77,2.37
6.14,12811,848532.71,1
2.04,12315,883500.33,1.29
1.31,11310,857488.13,2.17
1.03,10500,786047.17,6.1
1.15,11339,924694.94,1.9
2.2,10692,925538.85,2.7
1.32,12620,1142435.52,2.7
1.62,11391,1082857.54,2.5
1.15,11224,1074850.7,1.5
2.48,10215,973416.97,5.29
2.33,11814,1084031.29,8.51
5.31,11226,978730.95,1.21
1.78,11669,936336.2,16.85
1.54,10438,860496.08,1.22
5.64,10085,769350.2,8.51
3.94,11938,915733.11,6.1
1.72,11366,881924.42,24.11
3.46,10002,708491.43,6.1
1.15,11578,936416.63,1.89
1.18,10202,868923.98,2.7
2.45,9792,847882.63,1.22
1.52,11849,1076734.08,2.5
1.24,10773,918877.96,2.17
1.03,10500,935819.38,1.07
1.68,9221,912422.21,1.38
1.68,9694,1090172.19,1.96
1.21,0,1030059.91,2.7
2.02,8007,920750.62,2.5
5.36,9066,949935.49,1.11
1.49,9896,843965.45,1.52
2.24,8804,850209.08,1.81
2.97,9400,931366.5,1.21
3.99,8172,706263.9,2.37
3.91,9623,893791.6,1.96
1.28,9777,832782.73,1.49
2.05,8362,742900.68,1.9
1.46,9659,938877.28,1.5
6.6,8694,703175.8,1.38
2.37,10084,794430.27,2.5
1.57,9320,726933.36,1.89
1.81,8872,718725.81,1.02
1,10500,796949.75,2.5
1.34,9636,895909.99,2.37
4.85,8708,771071.15,2.19
1.19,10368,856932.27,1.5
1.15,8659,695669.18,1.04
2.94,7792,739128.68,1.15
3.39,9203,898492.86,6.1
18.83,8951,647570.3,1.49
30.43,9377,627146.6,1.07
1.98,9403,779226.08,1.49
1.41,8008,677271.53,1.33
1.04,10500,643403.28,1.38
1.33,7827,678243.08,2.76
1.02,10500,808839.86,1.38
3.86,8177,678352.36,2.37
2.49,10345,950726.01,1.38
11.23,9688,764564.16,1.28
1.42,10360,898937.49,1.52
2.21,8392,756467.89,6.68
1.07,10500,905417.33,9.25
4.19,8834,736329.19,1.02
1.47,10646,924485.99,1.9
1.65,9666,918921.07,1.02
2.72,9637,948922.57,5.42
3.61,10514,917798.35,1.6
1.73,10296,859499.56,5.21
1.13,9440,768140.19,1.15
1.06,10500,782169.7,24.11
1.04,10500,824682.75,1.22
1.65,8075,816069.49,29.02
1.05,10500,940205.86,1.04
1.01,10500,825640.96,3.87
1.12,10500,815363.09,5.21
1.79,5947,692701.24,1.21
2.36,7081,820227.59,1.6
2.29,7861,817917.04,7.92
2.54,7699,795278.22,1
1.97,7821,827163.39,8.51
3.27,7287,703057.84,1.17
34.46,8152,613431.28,5.21
2.04,8714,747035.26,1.5
1.28,7513,647877.79,1.11
2.33,6264,276257.94,1.5
1.05,10500,824720.67,1.72
1.08,10500,704521.62,8.51
1.72,6027,679341.7,6.1
2.05,7268,835874.67,2.17
2.39,7991,791974.08,29.02
1.76,8299,730806.56,3.62
1.37,7503,716520.72,1.9
1.46,6504,684040.33,1.6
1.78,6391,718530.6,1.96
2.62,7019,748812.27,23.38
3.09,8035,805474.94,1.33
4.08,8251,714627.13,1.22
4.98,8435,720121.53,1.6
4.73,8708,647093.27,1.11
4.23,8833,713608.16,1.21
1.25,9033,720185.04,1.15
3.75,6633,533555.6,29.02
3.52,9068,715768.36,1.02
1.34,9482,768465.81,2.7
9.24,7789,573805.22,1.96
1.32,9939,837369.76,2.19
23.29,8964,619062.69,16.85
1.27,9940,829975.81,1.21
1.15,8861,685494.41,1.15
11.95,7668,577123.74,1.23
1.01,10500,824457.29,3.87
2.29,8659,714837.76,1.02
1.35,9931,907112.94,2.5
3.37,9387,817193.12,16.85
1.44,10244,915832.61,2.37
2.41,9666,836288.62,1.02
1.21,10059,825575.14,16.85
1.36,9251,832950.56,1.33
1.16,8653,801944.92,1.81
1.08,10500,807530.66,3.01
1.53,7422,820336.6,8.51
2.47,7838,861552.16,1.11
1.61,8967,776797.46,1.21
1.61,8059,804484.92,29.02
2.34,7661,754514.69,1
2.17,8367,828523.48,1.04
2.74,8259,728857.72,1.28
1.65,8603,743299.66,1.9
1.65,7765,700546.74,3.62
6.55,7720,735516.99,1
1.16,9173,735612.38,1.29
3.62,7582,598459.27,1.33
1.65,8753,656133.89,1.11
4.78,8490,694586.47,24.11
2.92,8721,692401.95,1.9
2.78,8878,667885.67,19.47
2.16,9147,706617.89,1.17
2.03,8716,725144.48,16.85
1.21,8881,744878.53,5.29
4.63,7643,571254.88,1.38
24.59,9699,631381.96,5.21
1.21,9593,703048.86,1.15
1,10500,704630.64,5.42
4.53,8489,765406.4,1.07
1.35,10270,911690.63,3.01
5.08,9041,752417.57,1.49
3.01,9579,759804.69,1.04
1.19,9599,780413.68,1.9
2.2,8457,701571.87,24.11
1.36,9748,899691.15,1.89
2.53,9133,846841.82,1.02
1.65,9885,832133.5,2.19
25.05,9620,694728.4,2.17
1,10500,701876.07,29.02
9.24,8660,604582.15,5.42
1.81,9583,718211.21,1.02
2.98,9335,742245.45,1.33
1.71,9989,727820.37,2.19
1.74,9892,756923.55,1.29
3.05,10010,759648.27,2.5
6.3,10639,795576.69,1.02
2.32,10199,715326.19,5.21
1.11,10500,699894.69,1.81
1.21,8723,642321.84,3.87
1.83,8736,683172.8,1.72
1.47,10144,929710.61,1.17
15.18,9316,764457.34,2.19
1.76,10317,805239.54,1.81
3.55,9591,767776.85,1.07
1.22,9999,794380.83,1.33
1.97,8990,741982.7,3.87
1,10500,944821.53,1.96
1.35,10138,1018622.49,1.6
16.31,9150,810309.1,1.49
34.92,9686,712547.88,8.51
13.3,8860,620820.85,1.6
1.88,9289,666696.36,1.11
1.04,10500,622269.31,3.87
3.64,7044,605730.37,2.17
1.97,9842,810303.84,6.68
1.12,10500,751887.13,29.02
1.02,10500,687432.13,1.96
1.5,8835,760170.03,8.5
1.38,9060,852387.56,29.02
34.77,8588,769875.3,5.42
1.14,10522,802055.76,1.17
4.57,8629,647083.82,1.07
32.58,9544,646130.75,19.47
1.36,9248,637565.71,8.5
4.69,8100,541393.19,3.87
2.9,9981,758009.02,1.96
16.66,9531,620064.85,1.17
2.04,9882,656637.95,16.85
3.24,9326,629782.6,1.17
2.38,10716,761995.43,1
1.65,10492,767236.23,5.42
16.26,9666,636980.93,2.5
1.23,11034,787406.54,1.23
1,10500,713916.12,1.81
1,10500,902057.46,2.7
1.5,10305,922441.64,6.68
20.96,10320,816470.53,29.02
11,11586,822652.89,1.11
1.1,10500,788450.15,1.52
1.48,8283,626020.22,1.23
1.18,9195,841740.81,3.87
4.35,9197,781988.2,1.89
3.02,11585,944161.81,1.96
12.63,11250,793630.19,1.28
1.1,10500,763637.68,1.11
2.22,8504,642636.46,2.37
16.36,10746,809697.77,9.25
3.13,10956,734947.97,5.21
1.22,10363,743526.02,2.17
3.92,9013,651658.99,2.19
2.09,11594,885765.54,6.68
7.28,11246,813987.65,1.04
3.63,11638,791006.06,5.29
2.33,11235,857049.66,1.52
3.01,10840,791147.32,16.85
1.97,11807,928848.74,3.01
2.28,11082,901814.45,1.04
2.44,12165,1037862.32,3.87
1.27,12243,1051007.92,1.29
2.1,10781,864145.37,1.07
1.14,12049,1080790.03,1.5
2.91,10687,934538.48,8.5
1.02,10500,1099359.86,2.76
1.25,10868,998340.71,1.33
1.1,10500,994350.73,1.02
2.35,9147,855848.63,1.49
1.58,11068,1078223.99,1.5
1.23,9940,421944.08,1.52
15.79,8532,787331.18,2.7
4.6,10375,864739.74,2.37
2.84,9973,835453.59,1.5
3.96,9468,766539.97,3.62
1.81,10014,751987.91,7.92
1.12,10500,760706.1,3.62
2.7,7950,732963.42,29.02
1.09,10500,872923.95,2.5
2.71,9224,870740.66,5.29
4.89,10077,896796.74,1.72
3,10695,820452.82,2.7
2.12,10155,835673.69,1.96
1.22,9564,725066.1,19.47
1.3,8491,641205.06,16.85
18.13,8631,688920.99,1.38
1.5,10585,753846.87,2.37
1.02,10500,756393.2,1.6
1.83,8634,766732.78,1.17
1.01,10500,948439.25,19.47
1.04,10500,874670.34,1.6
1.15,7913,849612.89,2.5
3.66,7291,728021.89,5.29
1.08,10500,972386.04,1
3.55,7909,760557.88,1.9
3.23,8288,742131.52,1.33
1.59,9155,865784.42,1.23
3.22,7999,689659.8,1.15
1.05,10500,844510.34,1.02
1.28,7837,731707.75,7.92
9.98,7345,621735.48,24.11
1.58,9135,773258.37,3.87
2.19,8022,746859.32,1.33
1,10500,767158.87,1.52
1.18,7836,760561.39,2.19
5.22,7053,622087.01,1.22
24.16,8601,803975.79,3.01
2.16,8029,602207.8,1.29
1.48,7252,586101.42,2.17
1.53,6689,532989.9,1.89
1.15,7303,641365.64,2.7
3.73,6796,561118.07,5.21
9.28,8666,726974.82,1.89
1.03,10500,586287.44,1.72
1.27,6641,509338.2,1.9
1.21,6941,593284.52,1.52
1.01,10500,668348.32,1.22
4.06,7497,669663.49,2.19
4.13,9131,744243.38,1.02
2.5,8685,688803.32,1.28
2.53,7992,655629.08,1.38
1.01,10500,615131.66,1.02
1.46,6746,638051.87,1
5.27,7448,705142.44,1.23
1.13,9005,778142.82,1.28
3.02,7302,687357.8,2.7
1.1,10500,751826.58,5.29
1.19,7117,648391.92,16.85
8.27,6550,636157.32,6.68
2.33,8025,721005.59,8.51
1.42,7283,600987.16,1.11
2.75,6376,502250.88,1.96
1.98,7717,658546.23,1.17
2.01,7564,664405.34,1.07
1.72,7557,712120.63,1.15
1.58,7115,676473.99,3.87
1.47,6840,612903.28,1.11
3.9,6489,633689.15,1.38
5.03,7784,696389.61,1.38
1.41,7324,581782.56,5.21
1.5,6208,499734.84,9.25
1.34,6311,550924.87,1.6
12.03,6245,545249.63,7.92
1.45,7748,624292.59,2.17
1.24,6425,596429.85,1.89
1.47,5858,497236.56,1
3.26,6576,648075.04,5.29
1.2,7627,704159.19,1.33
1.1,10500,602952.54,8.51
1,10500,577927.13,1.72
1.46,6192,674250.58,3.01
1.88,6097,751857.23,2.19
1.42,6310,806416.97,1.52
1.36,5368,630149.8,19.47
1.13,4918,620983.74,1.28
1,10500,594603.36,5.42
3.56,4633,677154.76,1.23
1.01,10500,682431.11,1.29
1.18,4378,541443.6,1.04
1.8,3643,495825.2,1.6
8.53,4123,492584.71,8.51
1.15,5026,541727.57,1.52
2.81,3934,403758.82,3.01
3.95,4829,533874.92,6.68
1.48,5069,494512.38,1.29
7.22,4431,484729.98,1.52
3.82,5190,447394.26,1.89
14.39,5147,399264.79,2.19
1.07,10500,478859.44,2.17
2.96,4355,414436.19,16.85
22.53,5656,471787.81,1.9
2.88,5776,423707.13,24.11
2.12,5566,445626.36,3.87
5.61,5495,432370.75,8.5
7.42,6460,221325.57,1.49
2.61,6542,508274.56,3.87
1.05,10500,478781.52,8.5
5.05,5136,412832.17,1.49
2.5,7113,605950.43,1.02
1.55,6980,582376.31,1.81
1.54,6291,566156.37,1.49
3.29,6327,632182.17,8.5
5.45,7614,689915.77,1.72
1.13,7593,648640.82,2.19
7.83,6034,532370.73,6.68
2.06,7523,646196.8,7.92
2.02,7071,662674.48,1.89
1.51,7274,669792.61,1.15
1,10500,644603.22,7.92
5.34,7103,725505.2,16.85
4.09,8103,731796.94,7.92
1.77,7692,648148.36,3.87
3.88,6708,557848.78,1.9
6.1,7836,624794.16,29.02
2.97,7713,582412.07,1.72
1.6,7423,596723.17,1.07
4.97,6787,561958.86,8.51
1.19,8386,664259.41,1.23
1.91,7409,593046.44,1.11
20.29,7927,685057.49,1
12.87,8456,609125.6,1.96
1.5,8020,602185.02,24.11
7.22,6387,463147.37,8.5
1.17,8267,658166.3,1.23
3.38,7463,622909.08,3.87
1.92,8487,775521.92,3.62
2.53,8430,800969.18,1.15
17.65,8668,759501.62,3.87
1.63,8930,671631.02,2.76
1.38,8078,727952.44,1.81
1.07,10500,764654.97,7.92
2.14,7597,762237.96,8.5
1.02,10500,989212.43,16.85
1.72,8157,942480.75,7.92
2.5,8098,958596.97,1.11
1,10500,876859.57,1.23
1.29,8094,909122.43,1.96
1.47,6887,749821.62,2.17
6.96,6731,704194.25,23.38
2.63,8003,682352.45,2.5
3.68,7453,656260.52,1
1.21,7601,628377.3,1.5
8.74,6533,537661.82,1.9
1.39,7789,695575.73,6.1
2.05,7063,251998.81,3.62
25.07,7630,673360.04,2.19
2.35,7755,546112.35,1.22
27.65,6921,506540.58,2.5
1.01,10500,602964.49,1.96
1.1,10500,583500,1.52
2.1,5988,542237.7,1.81
1.43,8015,805190.44,1.9
2.46,7581,735447.6,1
2.02,8280,874565.98,1.22
1.49,8128,846126.31,1.21
1.97,7307,750769.51,2.76
1.66,7866,801876.38,19.47
1.04,10500,813956.1,5.42
1.3,6586,732424.18,1
25.64,6028,619047.17,1.11
1.01,10500,661663.4,1.28
15.56,6423,576460.25,8.5
1.1,10500,643473.27,1.33
2.27,6346,627795.94,1.04
1.69,6986,686760.73,1.81
2.15,6824,693307.67,1.15
1.66,7210,634316.69,2.7
1.04,10500,765774.86,2.76
1.15,6355,638241.58,1.52
1.53,5858,710334.61,19.47
3.35,6001,733351.7,1.04
1.94,6867,733410,2.37
1.68,6407,601530.55,3.01
20.66,6096,547084.48,1.9
3.54,6677,545170.82,2.5
1.36,6328,525915.25,1.11
1.9,5359,505843.16,1.81
2.89,6224,569845.79,2.5
2.68,7115,664452.49,2.19
5.64,7096,560128.07,1.11
2.8,7259,591256.34,1.89
4.7,6952,529151.95,7.92
1.28,7356,557599.63,1.17
1.12,10500,548309.51,1.28
1.28,5859,499081.14,8.51
2.27,6175,604243.37,2.17
5.56,7817,691957.83,1.15
3.33,7936,596734.1,1.17
3.12,7548,566311.17,9.25
14.59,7466,538788.11,3.87
2.7,7639,557895.71,6.68
2.12,7115,530243.52,1.89
1.32,7002,561848.63,5.21
1.01,10500,614044.08,1.5
1.15,0,643328.62,1.17
1.73,6306,629396.4,5.29
1.54,7287,734053.58,9.25
4.19,6855,682155.83,16.85
1.52,8230,680102.14,6.1
12.01,7292,633753.04,3.87
1.78,7801,618321.85,8.51
9.11,7252,564356.01,3.01
2.2,7550,520938.69,7.92
1.11,10500,551037.1,3.87
1.06,10500,503650.83,1.15
3.03,5841,490998.66,6.1
1.6,8053,705025.27,1.22
1.87,7434,672835.43,2.76
1.02,10500,641062.01,2.19
2.69,6555,578569.99,1.38
1.34,7594,677494.52,3.87
24.49,6482,577235.09,1.52
1.12,10500,514397.26,2.7
3.61,5975,483619.35,3.62
1.01,10500,529051.8,1.89
2.51,6149,508440.75,3.87
2.63,6678,561029.4,1.21
4.12,6873,509094.4,1.6
2.1,6957,520091.69,1
1.99,6589,483831.01,6.1
2.58,6379,522499.62,1.49
3.03,7100,568273.19,3.62
1.13,0,599914.33,1.11
3.83,6103,443714.24,24.11
1.17,7349,559836.66,5.21
1.22,6673,556142.08,8.51
1.36,6027,503454.28,1.89
10.96,5955,606351.7,1.72
3.31,7092,583712.88,1.07
1.77,6513,555325.36,2.5
5.2,6010,458018.17,1.96
1.73,6864,502141.47,3.87
3.22,6475,535590.83,23.38
2.44,6897,498413.61,1.49
1.02,10500,552077.48,5.21
1.09,10500,485539.71,5.42
10.22,5687,499704.03,1.9
1.18,7312,558055.26,1.38
12.33,6180,547102.36,5.21
9.43,6508,482020.26,1
4.09,6630,490101.56,1.29
1.03,10500,463915.44,1.11
1.44,5345,382459.87,1.38
1.21,5883,491881.45,1.15
23.16,6285,541239.29,1
1.05,10500,629521.94,19.47
1.54,6404,539243.7,19.47
1.7,6408,548609.27,1.81
1.05,10500,585636.13,1.23
2.52,6465,638492.77,2.17
2.52,7291,685844.59,1.17
1.05,10500,593786.72,1.15
2.39,6181,563975.95,1.5
1.25,6854,592467.72,1.17
9.06,5991,576524.11,2.17
1.41,6657,522919.1,1.72
1.02,10500,482831.82,1.04
21.08,5614,504920.68,2.76
1.1,10500,498333.01,23.38
1.26,5249,474097.7,1.33
1.34,5302,477330.71,1.89
1,10500,517499.22,7.92
2.3,5943,640949.76,1.22
1.23,6216,644520.5,1.89
1.93,5311,613884.96,1.21
2.55,5563,599519.84,7.92
9.38,5647,478139.91,1.6
32.46,5613,388620.97,1.89
1.67,5276,394859.51,23.38
1.43,4641,363409.88,1
11.15,4475,368829.25,1.38
4.26,5872,406323.74,1.49
1.96,5749,406687.71,1.6
2.71,5303,402593.12,8.5
2.87,6204,425739,1.02
22.53,6456,451818.91,1.02
1.97,6463,415217.82,2.5
1.21,5950,388839.43,29.02
3.85,5219,355314.59,1.89
7.94,7129,487898.05,1
1.13,6928,463857.45,1.5
14.15,5658,397148.08,1.89
2.75,6929,485860.07,9.25
1.67,6724,509806.35,16.85
3.22,6428,483815.64,2.19
10.58,7586,568306.27,1.28
3.11,7348,494942.79,1.6
19.14,7038,469219.17,3.87
1.64,7379,545670.98,19.47
1.49,6373,500377.58,1.96
1.79,6687,564191.17,1.22
4.29,7584,659077.23,3.87
2.81,8574,664644.67,1.72
1.17,8173,659544.44,19.47
5.64,7075,521055.37,2.19
21.59,8658,620691.36,2.17
1.35,7929,535229.56,1.28
15.97,6809,552168.48,16.85
5.92,8151,607874.42,1.15
1.11,10500,596300.29,29.02
1.77,6837,523442.15,6.68
6.07,7983,659502.61,2.5
1.11,10500,756322.63,1.5
1.85,8134,711015.51,1.07
1.13,8805,865533.43,24.11
1.49,8147,796985.96,23.38
1.11,10500,871880.35,3.87
1.42,7729,788813.88,19.47
5.36,7396,758492.25,1.29
3.25,9028,798058.02,1.9
6.23,8563,650751.5,16.85
1.05,10500,651581.44,1.28
4.18,7342,613163.56,7.92
1.33,8583,676855.63,1.49
1.92,7894,700045.76,19.47
6.8,8436,732113.56,5.21
4.59,8878,697142.28,29.02
1.04,10500,706396.62,1.23
4.35,7385,652087.21,1.15
2.28,8758,742302.55,7.92
2.62,8471,729995.87,1.5
7.51,8583,726095.57,3.87
2.9,8676,721173.68,3.01
1.74,8473,734710.53,1.21
6.87,8018,615701.38,5.29
1.67,9192,756348.9,1.38
1.15,8587,798087.7,3.62
1.35,7791,661217.09,1.04
1.52,7984,763340.75,29.02
3.13,8264,833692.79,5.29
1.11,10500,924492.59,6.1
1.56,8523,810567.75,2.76
1.05,10500,916452.34,1.81
1.07,10500,714024.89,1
1.91,6834,702819.64,2.76
1,10500,819542.56,23.38
1.89,7208,808012.71,2.5
2.98,6865,710633.88,3.87
1.21,7537,681873.35,1.17
3.67,6363,582188.25,2.5
3.06,7249,594866.81,23.38
1.6,7282,650127.23,1.96
1.46,6533,576698.84,3.62
2.54,6086,214214.6,2.5
1.1,10500,750526.55,3.01
1.03,10500,609073.67,3.87
2.46,5391,574219.59,2.5
2.25,6236,610920.7,6.68
1.38,6020,646468.08,1.22
2,5230,551093.88,1.07
1.23,5829,569894.91,1.96
1.51,4925,486796.04,2.76
3.3,4728,507278,9.25
1.6,5658,504775.9,1.02
1.16,4981,424006.43,7.92
2.65,4257,417388.35,9.25
1.14,5172,454472.02,1.29
26.67,4342,382013.05,7.92
18.79,5562,425255.22,3.01
4.13,5585,373973.17,1.96
2.18,5365,387107.87,1.89
1.43,4995,343489.24,5.21
1.53,4567,399956.47,24.11
3.28,5016,416821.14,1.04
24.29,6382,531166.81,3.62
1.22,6769,481351.14,16.85
5.98,5428,430537.46,1.21
2.4,6758,464954.13,1.11
3.42,6511,526005.04,6.1
1.06,10500,527034.04,16.85
1,10500,449359.99,1.15
6.36,6396,506556.26,1.04
5.25,7736,594082.42,24.11
1.08,10500,516168.15,5.29
26.75,6036,367979.42,23.38
1.36,7647,584031.91,1.81
1.33,6614,524367.77,16.85
2.93,6433,537445.32,2.17
1.11,10500,692876.5,29.02
1.68,6915,572100.36,1
2.08,7080,674043.48,1.07
2.01,7452,715274.92,1.89
1.59,7118,576284.83,7.92
1.75,6466,563481.42,5.21
3.79,6572,596262.51,1.72
26.94,7297,526977.55,1
1.46,7119,505715.68,8.51
1.11,10500,450330.57,1.81
5.19,5630,417056.92,1.81
1.33,7454,610558.69,2.17
1.04,10500,494908.65,2.5
3.72,6180,503482.5,1.72
2.14,7436,587607.78,2.17
2.26,6887,217734.52,1.15
2.63,7053,565039.47,24.11
1.32,7093,555360.72,5.29
1.81,6210,466361.26,2.5
1.96,6683,581254.74,1.17
1.66,6839,620310.6,16.85
8.96,6339,573208.63,1.15
1.07,10500,599716.91,1.02
1.34,6189,518509.22,5.29
1.49,5904,560676.87,3.62
15.45,6051,521941.08,1.38
2.81,6883,539590.7,1.33
1.69,6445,531125.98,1.02
6.69,5804,458677.09,2.19
1.02,10500,567515.73,2.76
1.73,5986,490074.98,1.96
4.83,6750,581379.01,2.17
1.07,10500,582887.69,2.17
5.08,6392,491530.23,2.5
1,10500,540097.37,1.96
1.63,7017,578820.93,9.25
1.83,7071,636793.74,1.11
1.02,10500,652674.66,2.5
1.21,6496,653536.39,1.02
1.46,5589,624029.64,2.5
1.01,10500,586498.52,1.5
2.86,5080,612885.05,1.52
1.1,10500,620056.59,9.25
2.12,4788,534807.35,6.1
2.52,4984,567310.68,1.15
2.89,5053,528831.82,2.17
1.76,5211,509188.69,1.28
1.14,4740,449473.17,1.9
3.22,4331,426370.41,1.07
4.25,5327,565551.01,7.92
1.67,5327,545849.34,1.52
1.24,4709,471906.48,29.02
6.88,4431,396296.89,1.9
2.23,5590,544263.17,6.1
1.25,5150,487489.2,1.9
2.04,4606,448232.21,1.81
3.75,5321,542000.68,1.17
1.1,10500,578468.84,1.96
1.95,4886,474609.95,7.92
1.26,5311,614980.49,1.17
1.01,10500,522931.11,1.11
1.58,4546,471035.13,3.87
1.34,4352,480638.98,2.19
1.33,3855,452121.69,2.19
3.39,3589,402356.53,1.29
7.36,4604,420489.55,1.04
1.23,4700,424596.19,1.5
1.52,3828,369907.17,8.5
1.35,4000,381816.1,19.47
1.06,10500,428165.44,1.02
1.74,3664,383903.91,5.21
2.24,4025,444811.07,8.5
17.05,4379,390792.38,5.42
3.61,4587,413742.55,1.23
2.04,4305,401489.09,1.11
5.83,3961,375376.81,3.87
1.27,4745,390812.76,24.11
4.81,3903,299618.12,1.29
1.07,10500,421359.9,8.51
9.36,4323,401518.29,7.92
4.29,5030,387987.78,1.96
9.79,4916,339005.77,2.76
6.96,5219,368901.56,3.01
14.01,5342,354540.54,16.85
2.86,5689,459842.54,1.49
4.33,5090,383506.04,19.47
2.59,5887,411724.67,5.21
6.51,5759,379828.32,8.5
10.77,6510,452234.13,23.38
3.68,6579,542116,5.29
5.89,6481,506291.82,8.51
2.01,7117,603693.86,1.17
2.12,6056,543419.67,16.85
7.72,6507,550647.74,1.29
4.14,7422,604540.33,24.11
1.85,7309,652341.46,5.29
1.71,6241,564914.95,3.01
1.87,6044,565972.64,1.02
1.95,6561,634372.04,23.38
2.14,7008,690574.05,3.87
8.98,7287,613303.63,1
1.87,8094,707683.57,8.5
1.07,10500,616575.99,1.04
8.2,5980,481266.12,2.76
16.45,7863,625914.73,1.04
1.15,7685,708370.67,1.15
3.49,6138,528355.79,1.21
2.33,7790,692179.22,1.07
1.63,7464,687553.57,1.29
22.52,6930,553050.73,9.25
4.08,8027,681883.46,6.68
1.15,7556,749698.56,1.23
2.56,6451,540980.57,1.52
1.04,10500,760389.22,1.04
18.45,7395,632076.87,23.38
5.58,8296,672186.78,1.6
1,10500,676330.08,2.19
1.42,7098,651267.81,8.5
1.17,6870,676358.92,2.5
2.3,6533,587387.27,2.17
2.69,8321,752359.86,1.89
6.41,8449,769847.88,1
3.1,8510,673335.08,5.29
4.86,7906,629598.29,1.15
2.68,8283,654994.69,19.47
2.75,7816,582860.2,1.17
1.41,8241,758931.04,1
1.4,6941,599606.32,2.19
34.86,6873,538346.27,3.87
4.12,8604,689333.46,3.87
6.02,7873,615854.22,2.5
23.35,8287,651710.19,5.29
1.59,8486,686028.63,3.01
1.49,6560,528029.37,1.28
1.14,6565,598343.56,2.7
1.56,6559,585562.34,8.51
1.65,7470,717304.28,1.28
1.22,7735,778617.46,24.11
1.04,10500,682453.21,3.87
2.69,6906,615857.68,1.49
2.65,8513,790768.48,1.22
1.1,10500,781255.62,1.89
2.07,7317,649444.09,2.37
1.92,7871,738576.93,6.68
1.01,10500,668505.98,1.81
1.41,6845,623735.85,2.5
14.3,5895,493979.2,1.96
1.65,7991,689640.12,3.62
1.06,10500,584761.08,1.17
2.93,5850,464580.49,16.85
1.82,7300,650862.82,3.62
5.37,6598,509506.69,1.29
1.7,7527,606327.1,1.52
1.36,6692,545096.93,24.11
1.28,6114,551424.11,3.62
3.22,5696,466462.43,6.68
1.17,7054,581512.78,1.5
2.13,5949,452955.14,1.49
1.14,6540,567085.98,9.25
2.42,5612,508949.42,1.29
3.14,6148,535973.61,6.68
9.57,6389,448030.53,1.22
1.6,6820,509340.81,1.04
1.55,5841,421924.37,1.49
2.22,5673,453954.42,2.7
1.65,6637,558280.5,2.37
5.77,6610,514091.16,23.38
1.43,6941,520134.42,2.76
1,10500,464449.12,1.33
1.75,5953,495977.05,1.49
1.22,6183,546801.78,1.96
1.03,10500,467332.15,3.87
3.04,4862,471359.53,23.38
20.01,6149,576073.78,2.5
17.17,6306,461647.61,1.15
1.16,6283,461075.7,9.25
1.25,4460,352109.27,1.52
1.01,10500,325902.62,1.21
1.56,4791,417275.59,7.92
6.67,5160,488822.23,1.89
1.55,6735,541437.9,2.19
2.34,5701,454620.79,3.01
1.35,6227,561433.79,1.21
23.9,5320,459778.46,6.1
2.11,6708,501663.43,3.62
18.79,5840,456162.55,1.52
5.57,6313,461160.72,1.72
2.04,6322,491379.78,1.72
1.93,5763,443399.29,2.76
1.89,5814,463179.46,1.15
19.97,5981,484211.67,3.62
1.23,7411,568310.82,2.37
1.38,5761,448261.56,1.89
2.7,5484,421950.86,2.7
2.9,7333,575485.58,1.49
3.23,7480,588185.27,8.5
1,10500,599466.5,3.01
1,10500,493857.36,1.28
1.21,6457,585850.97,5.42
1.34,5739,546494.36,2.5
1,10500,549923.84,1.28
2.14,5425,559180.3,1.22
2.18,6399,593720.81,1.28
1.36,6297,583716.16,3.62
7.62,5138,432169.52,1.23
1.1,10500,510295.89,3.62
1.54,5208,424138.3,1.23
1.58,5155,449064.39,6.68
1.36,5123,456733.46,1.22
1.68,4618,404238.19,1.33
1.3,4845,438294.78,9.25
1.9,4171,383553.29,1.28
13.26,4794,434871.6,1.6
24.52,5580,380263.67,2.37
1,10500,382737.9,1.04
20.33,4316,341639.53,1.52
1.31,5690,429448.51,1.02
1.55,4659,368631.5,9.25
2.76,4659,413105.66,8.5
6.29,5855,471351.04,1.96
1.41,6011,521168.23,2.37
5.55,5117,405452.1,1.15
1.77,6099,459859.05,1.33
5.25,5780,445079.07,3.62
1,10500,472041.21,1.23
1.77,5797,453768.57,19.47
5.45,6081,484549.23,23.38
1.29,6619,543812.27,1.22
6.42,5817,443986.06,1.96
34.69,6293,414968.47,5.42
1.49,6402,500942.14,1.38
26.46,5487,374459.54,3.87
1.11,10500,533739.35,1.49
1.25,5685,430220.99,1.81
1.03,10500,417670.36,2.7
1.94,5347,449920.62,1.6
2.77,6432,570991.7,8.51
2.87,7034,600180.6,2.19
1.35,6964,592237.64,1.07
2.8,6086,473982.02,2.5
1.46,6867,583677.45,1.38
1.28,6293,462935.23,3.87
1.24,5486,464961.28,5.42
1.83,5099,501653.03,1.04
1.28,5811,586395.11,1.15
6.57,4950,492996.01,3.01
1.45,6407,486840.41,1
1.49,5651,450871.19,1.23
1.29,5106,455206.46,5.29
11,4605,388475.31,1.23
1,10500,511381.21,1.5
1.42,5252,455845.25,6.1
1.21,4740,434224.81,29.02
2.53,4454,427000.82,3.01
5.51,5496,548796.46,2.5
2.01,5538,444689.57,2.7
2.99,5207,433414.65,9.25
1.71,5685,470087.26,1
4.25,5197,369644.55,24.11
3.73,5879,461011.16,1.81
1.03,10500,435817.48,2.76
2.47,4907,399156.76,1.9
11.68,5872,501931.6,1.38
7.77,5974,435365.21,1.23
1.05,10500,477070.63,2.37
1.93,6158,510626.4,9.25
3.37,5772,446869.22,8.5
4.7,6259,493643.26,1.28
8.75,6335,414142.72,1
2.37,6295,468169.85,5.42
1.19,0,510639.9,5.21
3.38,5104,413355.58,1.21
1.35,6729,556362.5,1.38
22.04,6194,472095.53,6.1
1.02,10500,488999.93,1.38
10.44,5908,482191.91,1.17
1.03,10500,502906.86,1.9
27.61,6303,503195.62,1.22
1.17,6213,488024.94,1.89
1,10500,527464.45,1.22
3.01,6339,529448.89,5.42
29.97,7153,606771.15,1.33
4.27,6308,500149.77,8.51
28.69,6401,501702.57,5.29
1.2,6533,537307.85,1.02
1,10500,492519.11,1.23
20.45,6254,490729.38,16.85
1.87,7382,660430.58,2.5
23.86,6848,514825.32,1.52
1.55,6858,634447.39,1.21
1.38,6971,639186.92,24.11
2.89,6861,587644.66,3.01
31.45,8210,671451.24,1.81
1.05,10500,592445.56,1
4.77,6659,536259.83,5.42
11.87,8065,633810.41,1.33
1.88,7604,680402,1.28
1.08,10500,632014.72,2.17
1.12,10500,722761.7,1.5
1.67,7053,657188.23,3.87
1.5,7586,755052.89,5.42
2.73,7275,769220.29,1.72
1.08,10500,950642.18,9.25
7.11,7405,638636.6,2.5
1.67,8016,705041.07,1.23
1.75,7499,698391.66,6.68
2.53,7230,693513.88,24.11
32.26,7945,706479.14,1.49
1.1,10500,555079.5,2.37
3.28,6052,554904.03,2.37
20.27,8059,633004.97,1.49
2.75,7267,589304.36,23.38
10.92,6986,549184.9,1.6
1.05,10500,626877.32,5.29
1.1,10500,569646.04,1.89
1.59,6470,565474.6,1.28
1.3,7451,786379.83,3.87
3.44,7076,707826.32,1.17
5.43,8646,778482.18,8.5
1.88,8300,772989.25,23.38
1.51,7533,709444.89,3.62
3.67,7094,669975.3,2.5
1.05,10500,829999.21,7.92
2.16,7393,720426.97,1.21
1.35,8170,894932.92,1.81
5.22,7317,851066.2,1.04
1.14,0,837441.29,8.51
6.99,6998,698200.36,3.87
1.64,7413,739754.88,1.21
3.62,7261,651195.74,1.29
10.97,7605,662350.18,2.5
1.01,10500,617902.89,1.07
17.4,6738,493268.73,1.23
1.88,7124,642086.51,6.68
1.69,7051,603740.95,2.7
1.11,10500,670091.2,1.22
2.54,6990,658547.16,1.81
2.14,8229,876456.86,9.25
1.31,7911,811288.85,2.37
2.89,7140,697122.82,1.9
1.36,7992,820908.44,2.7
1.51,7246,689039.61,9.25
1.58,6887,728824.36,23.38
8.11,6677,560010.13,16.85
1.73,7532,693831.45,1.15
2.16,6963,701643.99,3.62
33.43,7123,580287.27,19.47
3.34,6651,563876.41,24.11
6.2,6682,555536.82,1.23
1.03,10500,619655.16,1.15
11.1,6016,474413.76,16.85
1.14,7238,621587.43,19.47
9.9,6753,525874.19,1.81
12.07,7107,549656.79,29.02
2.44,7124,629723.45,2.37
7.51,6790,516523.5,1.21
5.42,7679,616023.74,6.1
1.04,10500,733976.94,2.7
2.68,7050,676897.75,6.1
2.08,8289,800269.58,6.1
1.55,8087,782334.43,1.22
1.4,7366,725413.33,1.9
2.39,6963,711699.03,29.02
1,10500,847845.31,1.11
2.23,8008,868841.25,2.76
1.45,8075,927067.59,1.9
28.89,7114,634337.13,1.15
3.17,7760,714000.05,1.23
6.7,7484,641817.15,5.21
1.14,0,651561.93,1.89
1.16,6775,627754.89,5.42
1.12,10500,633175.36,3.62
1.01,10500,581708.94,1.04
8.25,6818,644990.64,2.17
3.82,8112,663697.98,2.17
7.36,7869,659340.55,1.29
1.04,10500,694389.79,1.9
1.32,6562,634888.21,1.07
2.01,6386,631392.41,2.5
1.45,7874,815117.44,1.02
1.5,7454,800915.17,5.21
1.7,7103,821311.21,24.11
6.53,7257,806076.08,1.11
1.74,8262,771226.69,1.04
1.04,10500,786613.52,1.81
1.2,6740,671840.05,1.17
2.25,6166,703604.9,1.49
21.12,7504,674486.18,16.85
2.22,7543,760160.71,5.42
14.56,6981,620383.47,1.02
2.58,6979,617364.31,7.92
32.82,6967,518248.55,1.6
7.27,6999,556357.21,1.5
1.55,7173,623401.81,2.17
3.73,5909,512643.19,1.11
1.67,7624,703951.72,6.1
1.22,7106,654857.13,1.07
1.61,6280,641920.42,1.38
1.71,6763,668422.19,1.02
1.35,7285,765207.94,23.38
7.72,6849,685910.34,2.5
1.03,10500,734512.48,1.6
10.02,7562,661809.81,2.17
3.6,8034,726918.24,3.87
1.13,7812,675238.01,1.11
3.94,6767,511726.55,1.38
1.36,8232,741838.21,8.5
3.2,7570,749574.45,9.25
3.58,8207,820860.23,5.42
14.81,8275,655652.45,23.38
19.45,8021,613938.7,8.5
1.06,10500,640732.98,1.02
2.44,6164,539107.59,3.01
2.24,7684,676435.42,5.42
1.42,8026,774068.09,7.92
1.18,7207,693344.24,1.81
1.6,6794,651542.57,1.89
1.01,10500,807993.18,1.6
3.06,7612,757322.72,7.92
2.55,8664,872920.64,1.38
1.11,10500,805437.6,1.72
2.26,7250,643665.6,1.89
1.23,7887,812696.2,3.01
1.54,6919,672049.36,2.19
1.8,6636,745718.65,6.68
1.7,6790,762896.22,2.5
2.39,6385,695255.65,1.96
7.97,7084,712846.95,1.38
1.77,7633,681237.77,2.37
2.12,6966,684206.42,2.5
1,10500,723458.82,3.62
2.13,6959,722445.61,1.49
1.72,6982,757896.98,3.62
1.75,6436,731171.93,1.11
1.36,6187,681039.8,3.87
1.79,5543,628459.84,2.17
1.39,5746,649344.25,1.22
4.54,5056,581916.1,1.02
20.31,6545,572053.41,1.89
1.05,10500,543083.29,5.42
3.51,5566,525459.32,2.37
1.74,6403,610452.99,7.92
5.62,5825,539589.43,8.51
6.08,6476,537567.15,1.04
1.11,10500,515408.55,9.25
2.75,5551,531393.49,1.52
3.62,6638,689077.73,3.87
1.12,10500,654547.41,7.92
1.51,6145,576383.12,1
1.46,6033,587754.12,1.23
5.49,5775,594594.92,2.5
3.57,7260,665957.48,1.72
2.34,6844,607887.09,6.68
2.12,6412,570081.96,1.17
13.56,6390,459242.85,1.49
2.09,6985,544347.05,19.47
1.59,5651,513217.48,3.01
2.54,5943,569713.27,2.37
4.01,7210,633321.34,24.11
1.39,7359,643024.67,5.29
1.69,6370,553041.2,1.49
2.58,6412,627034.24,2.7
9.43,7374,617974.61,2.17
2.39,7199,507255.48,1.33
3.84,6626,482428.43,1.29
3.48,7151,574976.98,2.17
5.88,7281,554472.54,8.5
2.35,7499,593839.42,8.51
1.06,10500,588600.7,2.37
1.02,10500,509558.93,1.17
2.92,5778,566299.07,2.5
1.24,7768,731911.93,6.68
33.84,6681,562365.82,1.6
1.13,7446,645219.45,29.02
6.72,6393,509673.86,1.02
7.89,7335,585817.79,1.07
1.04,10500,551940.26,5.29
6.62,6328,458895.75,2.5
5.53,7634,635192.72,1.89
1,10500,656826.59,1.11
2.67,7071,631268.08,1.29
2.56,7843,766989.58,2.5
3.44,7930,711387.54,1.04
2.57,7916,695404.59,1.21
2.12,7988,717063.37,19.47
2.22,7710,721412.78,1.29
2.67,7938,736405.96,1.49
1.21,8201,785808.45,2.7
9.44,6962,589661.04,1.29
2.28,8306,757972.16,1.28
3.14,7935,704842.51,2.17
1.23,8143,726000.53,1.38
1.3,7355,652714.57,6.68
1.3,6676,720694.93,1.52
1.37,6519,747084.4,1.49
1.76,6412,739790.57,2.19
1.74,6933,795014.74,1.81
7.58,6817,668314.62,1.6
2.76,8063,718665.61,1.52
4.95,7659,688341.31,5.21
1.04,10500,656163.79,1.6
4.14,6581,549137.31,2.5
1.77,7849,703361.24,1
1.14,7369,753070.51,1.04
2.33,6354,691375.76,5.42
1.86,7700,794075.29,1.02
1.02,10500,303894.78,3.62
2.95,6662,726221.09,1.15
1.17,7600,801404.63,8.51
1.42,6388,667019.91,3.87
4.6,5818,615964.14,1.52
1.15,0,684974.18,9.25
27.47,5928,521787.98,3.62
2.04,6394,519442.88,5.29
1.58,6053,525827.42,1.11
7.2,5543,484764.2,1.15
1.97,6614,589582.19,5.21
3.27,6237,595510.29,2.76
1.02,10500,654776.01,2.5
1.24,6263,605803.57,9.25
1.17,5674,659330.46,8.51
1.08,10500,592145.3,2.5
4.14,4939,576514.31,9.25
1.04,10500,661375.64,1.15
1.82,5796,638637.13,3.62
2.87,5666,636280.72,1.11
